﻿<?xml version="1.0" encoding="utf-8" standalone="yes"?>
<CustomFields>
    <item customtype="THEME" objectid="Standard-2017" blogid="96d5b379-7e1d-4dac-a6ba-1e50db561b04" key="background color left" value="#232526" attribute="" />
    <item customtype="THEME" objectid="Standard-2017" blogid="96d5b379-7e1d-4dac-a6ba-1e50db561b04" key="background color right" value="#414345" attribute="" />
    <item customtype="THEME" objectid="Standard-2017" blogid="96d5b379-7e1d-4dac-a6ba-1e50db561b04" key="Logo" value="Custom/Themes/Standard-2017/src/img/logo.png" attribute="" />
    <item customtype="THEME" objectid="Standard-2017" blogid="96d5b379-7e1d-4dac-a6ba-1e50db561b04" key="About Author" value="" attribute="" />
    <item customtype="THEME" objectid="Standard-2017" blogid="96d5b379-7e1d-4dac-a6ba-1e50db561b04" key="Facebook Account" value="" attribute="" />
    <item customtype="THEME" objectid="Standard-2017" blogid="96d5b379-7e1d-4dac-a6ba-1e50db561b04" key="Twitter Account" value="" attribute="" />
    <item customtype="THEME" objectid="Standard-2017" blogid="96d5b379-7e1d-4dac-a6ba-1e50db561b04" key="Google Plus Account" value="" attribute="" />
    <item customtype="THEME" objectid="Standard-2017" blogid="96d5b379-7e1d-4dac-a6ba-1e50db561b04" key="Linkedin Account" value="" attribute="" />
    <item customtype="THEME" objectid="Standard-2017" blogid="96d5b379-7e1d-4dac-a6ba-1e50db561b04" key="Instagramm Account" value="" attribute="" />
    <item customtype="THEME" objectid="Standard-2017" blogid="96d5b379-7e1d-4dac-a6ba-1e50db561b04" key="Youtube Account" value="" attribute="" />
    <item customtype="THEME" objectid="Standard-2017" blogid="96d5b379-7e1d-4dac-a6ba-1e50db561b04" key="Github Account" value="" attribute="" />
    <item customtype="THEME" objectid="Standard-2017" blogid="96d5b379-7e1d-4dac-a6ba-1e50db561b04" key="Pinterest Account" value="" attribute="" />
    <item customtype="THEME" objectid="Standard-2017" blogid="96d5b379-7e1d-4dac-a6ba-1e50db561b04" key="Home Alert Box (true or false?)" value="true" attribute="" />
    <item customtype="THEME" objectid="Standard" blogid="96d5b379-7e1d-4dac-a6ba-1e50db561b04" key="Logo" value="/Custom/Themes/Standard/src/img/logo.png" attribute="" />
    <item customtype="THEME" objectid="Standard" blogid="96d5b379-7e1d-4dac-a6ba-1e50db561b04" key="Facebook Account" value="#" attribute="" />
    <item customtype="THEME" objectid="Standard" blogid="96d5b379-7e1d-4dac-a6ba-1e50db561b04" key="Twitter Account" value="#" attribute="" />
    <item customtype="THEME" objectid="Standard" blogid="96d5b379-7e1d-4dac-a6ba-1e50db561b04" key="Google Plus Account" value="#" attribute="" />
    <item customtype="THEME" objectid="Standard" blogid="96d5b379-7e1d-4dac-a6ba-1e50db561b04" key="Linkedin Account" value="#" attribute="" />
    <item customtype="THEME" objectid="Standard" blogid="96d5b379-7e1d-4dac-a6ba-1e50db561b04" key="Instagramm Account" value="#" attribute="" />
    <item customtype="THEME" objectid="Standard" blogid="96d5b379-7e1d-4dac-a6ba-1e50db561b04" key="Youtube Account" value="" attribute="" />
    <item customtype="THEME" objectid="Standard" blogid="96d5b379-7e1d-4dac-a6ba-1e50db561b04" key="Pinterest Account" value="" attribute="" />
    <item customtype="THEME" objectid="Standard" blogid="96d5b379-7e1d-4dac-a6ba-1e50db561b04" key="Github Account" value="" attribute="" />
    <item customtype="THEME" objectid="Standard" blogid="96d5b379-7e1d-4dac-a6ba-1e50db561b04" key="Publisher Logo" value="http://exampleblog.com/logo.png" attribute="" />
    <item customtype="THEME" objectid="Standard" blogid="96d5b379-7e1d-4dac-a6ba-1e50db561b04" key="Post Thumbnail position" value="top" attribute="" />
</CustomFields>